NonObese,Obese
0.9023429,0.09765706
